用例ID,需求,用例标题,优先级,模块,类型,描述,步骤,预期结果,关联风险机制,测试数据,状态,阻断原因
TC-COMBAT-001,弓蓄力与释放,弓蓄力20tick满速射出,P0,combat,gametest,bot 手持弓蓄力 20 tick 后释放，验证箭速和伤害为满值,前置: bot 手持弓+箭，站在平地 | 执行: 提交 USE hold 20 tick 后释放 | 观察: 记录 Arrow 实体初速度和伤害,箭初速度约 3.0 blocks/tick，伤害约 9 心（满蓄力）,弓蓄力时长与箭速/伤害不匹配 vanilla,"fixture: bow+64 arrows, flat platform, target zombie at 10 blocks",not_executed,弓蓄力/箭速是远程战斗核心机制，失效则远程完全不可用
TC-COMBAT-002,弓蓄力与释放,弓蓄力不足半速半伤,P1,combat,gametest,bot 手持弓蓄力 10 tick 后释放，验证箭速和伤害约为半值,前置: bot 手持弓+箭 | 执行: USE hold 10 tick 后释放 | 观察: 记录箭速和伤害,箭速约 1.5 blocks/tick，伤害约 4-5 心（半蓄力）,弓蓄力时长与箭速/伤害不匹配 vanilla,"fixture: bow+arrows, flat platform",not_executed,
TC-COMBAT-003,弓蓄力与释放,弓释放后facade退出use状态,P1,combat,gametest,弓释放后 facade.isUsingItem() 应为 false，useTicks 重置,前置: bot 手持弓蓄力中 | 执行: USE falling edge 释放 | 观察: facade.isUsingItem() 状态,释放后 facade.isUsingItem()=false，activeItem 为空,弓蓄力时长与箭速/伤害不匹配 vanilla,fixture: bow+arrows,not_executed,
TC-COMBAT-004,远程负载检测与 SLOT 通道,有弓有箭时切换到弓,P1,combat,unit,hotbar 有弓且 inventory 有箭时，RangedLoadouts.hotbarBowSlot() 返回弓的 slot,前置: hotbar slot 2 有弓，inventory 有 arrow | 执行: 调用 RangedLoadouts.hotbarBowSlot(world) | 观察: 返回值,返回 2（弓的 slot）,远程负载检测遗漏 tipped_arrow/spectral_arrow,"fixture: bow at hotbar[2], 16 arrows in inventory",not_executed,
TC-COMBAT-005,远程负载检测与 SLOT 通道,有弓无箭时返回-1,P1,combat,unit,hotbar 有弓但 inventory 无箭时，RangedLoadouts 返回 -1,前置: hotbar 有弓，inventory 无箭 | 执行: hotbarBowSlot() | 观察: 返回值,返回 -1,远程负载检测遗漏 tipped_arrow/spectral_arrow,"fixture: bow at hotbar[0], no arrows",not_executed,
TC-COMBAT-006,远程负载检测与 SLOT 通道,tipped_arrow和spectral_arrow被识别,P1,combat,unit,inventory 有 tipped_arrow 或 spectral_arrow 时，RangedLoadouts 识别为有箭,前置: hotbar 有弓，inventory 有 tipped_arrow | 执行: hotbarBowSlot() | 观察: 返回值；再用 spectral_arrow 重复,两种箭都返回弓的 slot（非 -1）,远程负载检测遗漏 tipped_arrow/spectral_arrow,fixture: bow + tipped_arrow; bow + spectral_arrow,not_executed,
TC-FISHING-007,钓鱼状态机,抛竿后浮漂生成并入水,P0,fishing,gametest,bot 手持钓鱼竿对水面 USE，验证 FishingHook 实体生成并飞入水中,前置: bot 手持钓鱼竿，面前 3x3 水池 | 执行: USE rising edge 抛竿 | 观察: 水池中是否出现 FishingHook 实体,抛竿后 1-2 tick 内水池中出现浮漂实体,钓鱼咬钩检测 DIP_THRESHOLD 误判; 钓鱼 CAST_GRACE_TICKS 过短导致浮漂未落地就 armed,"fixture: fishing_rod, 3x3 water pool at eye level",not_executed,抛竿是钓鱼入口，失效则钓鱼完全不可用
TC-FISHING-008,钓鱼状态机,浮漂稳定后armed状态,P1,fishing,gametest,抛竿后浮漂入水稳定（5 tick），FishBehavior 进入 armed 状态,前置: 已抛竿，浮漂在水中 | 执行: 等待 30 tick grace + 5 tick 稳定 | 观察: FishBehavior.armed 状态（通过行为推断：咬钩检测是否生效）,约 35 tick 后 armed，咬钩检测生效,钓鱼 CAST_GRACE_TICKS 过短导致浮漂未落地就 armed,"fixture: fishing_rod, stable water pool",not_executed,
TC-FISHING-009,咬钩检测与浮漂感知,咬钩垂直dip触发收竿,P0,fishing,gametest,浮漂 armed 后，模拟鱼咬钩（浮漂垂直急坠 >=0.25），验证 bot 收竿,前置: 已抛竿且 armed | 执行: 等待自然咬钩或模拟浮漂垂直下落 | 观察: bot 是否在 1-2 tick 内 USE edge 收竿,浮漂垂直下落 >=0.25 时 bot 收竿,钓鱼咬钩检测 DIP_THRESHOLD 误判,"fixture: fishing_rod, water pool with fish (或手动移动浮漂)",not_executed,咬钩检测是钓鱼核心，失效则鱼跑了不收竿
TC-FISHING-010,咬钩检测与浮漂感知,水波浮动不触发收竿,P1,fishing,gametest,浮漂正常水波浮动（<0.25）不应触发收竿,前置: 已抛竿且 armed，无鱼 | 执行: 观察 100 tick 自然浮动 | 观察: bot 是否误收竿,100 tick 内无咬钩时不收竿（或到 BITE_BUDGET=600 才超时收竿）,钓鱼咬钩检测 DIP_THRESHOLD 误判,"fixture: fishing_rod, calm water, no fish",not_executed,
TC-FISHING-011,钓鱼状态机,BITE_BUDGET超时收竿,P2,fishing,gametest,600 tick 无咬钩时 FishBehavior 超时收竿并重置,前置: 已抛竿且 armed，无鱼 | 执行: 等待 600+ tick | 观察: bot 是否收竿,600 tick 后 bot 收竿，状态重置,钓鱼 CAST_GRACE_TICKS 过短导致浮漂未落地就 armed,"fixture: fishing_rod, water pool no fish",not_executed,
TC-FISHING-012,咬钩检测与浮漂感知,hookedEntity时立即收竿重置,P2,fishing,gametest,浮漂钩到实体/物品（hookedEntity=true）时立即收竿，不等待咬钩,前置: 已抛竿 | 执行: 让浮漂钩到物品实体 | 观察: bot 是否立即收竿,hookedEntity=true 时立即收竿并重置 watch,钓鱼咬钩检测 DIP_THRESHOLD 误判,"fixture: fishing_rod, item entity in water",not_executed,
TC-COMBAT-013,盾举盾与收盾,盾在body上raise而非facade,P0,combat,gametest,bot 手持盾 USE，验证 body.isUsingItem()=true 且 activeItem 是盾,前置: bot 手持盾 | 执行: USE rising edge | 观察: body.isUsingItem() 和 body.getUseItem(),body.isUsingItem()=true，activeItem 是 ShieldItem；facade.isUsingItem()=false,盾在 facade 上 raise 导致完全无效,"fixture: shield in hotbar, flat platform",not_executed,盾在 body 上 raise 是格挡生效的前提，在 facade 上则完全无效
TC-COMBAT-014,盾伤害减免判定,举盾5tick后正面受击伤害减免,P0,combat,gametest,bot 举盾 5 tick 后正面受击，验证伤害被减免（盾挡）,前置: bot 手持盾，满血 | 执行: 举盾 5 tick 后让僵尸正面攻击 | 观察: bot 受到的伤害值,伤害被减免（全挡或部分挡，取决于盾牌），播放盾挡音效,盾在 facade 上 raise 导致完全无效; 盾 useDuration 不足 5 tick 时不格挡,"fixture: shield, zombie at melee range, bot full health",not_executed,盾伤害减免是生存核心机制，失效则盾完全无意义
TC-COMBAT-015,盾伤害减免判定,举盾0-4tick内受击不减免,P2,combat,gametest,bot 刚举盾（0-4 tick）时受击，验证 isDamageSourceBlocked 返回 false,前置: bot 手持盾，满血 | 执行: 举盾 2 tick 后立即受击 | 观察: 伤害值,伤害全额（不减免），因为 useDuration < 5,盾 useDuration 不足 5 tick 时不格挡,"fixture: shield, zombie, bot full health",not_executed,
TC-COMBAT-016,盾伤害减免判定,背后受击不减免,P1,combat,gametest,bot 举盾但从背后受击，验证伤害不减免,前置: bot 举盾中 | 执行: 从背后 180° 外攻击 bot | 观察: 伤害值,伤害全额（背后不在盾格挡扇形内）,盾在 facade 上 raise 导致完全无效,"fixture: shield, attacker behind bot",not_executed,
TC-COMBAT-017,盾举盾与收盾,收盾后body退出use状态,P1,combat,gametest,盾 USE falling edge 后 body.isUsingItem()=false,前置: bot 举盾中 | 执行: USE falling edge | 观察: body.isUsingItem(),收盾后 body.isUsingItem()=false,盾在 facade 上 raise 导致完全无效,fixture: shield,not_executed,
TC-SLEEP-018,睡眠机制,睡眠机制存在性确认,P2,sleep,code_audit,确认 BotBodyEntity 是否有主动睡眠/起床机制，或仅继承 PathfinderMob base class,前置: 读取 BotBodyEntity.java 全文 | 执行: 搜索 sleep/isSleeping/startSleeping/stopSleeping 相关代码 | 观察: 是否有 override 或主动调用,确认睡眠机制的存在性和触发条件；若不存在则标记为 deferred,睡眠机制未确认是否存在主动触发,fixture: BotBodyEntity.java source code audit,not_executed,
TC-DIG-019,工具自动选择,挖石头自动切换到镐,P1,dig,gametest,bot 挖掘石头时 ToolSelector 自动切换到镐（非剑/空手）,前置: hotbar 有镐+剑+空手，目标方块为石头 | 执行: 提交 Dig intent | 观察: selectedSlot 是否切换到镐，DigExecutor 是否使用镐,selectedSlot 切换到镐的 slot，挖掘使用镐，掉落圆石,工具选择只看 destroySpeed 不看 match_tool,"fixture: pickaxe at hotbar[1], sword at hotbar[2], stone target",not_executed,
TC-DIG-020,工具自动选择,挖树叶自动切换到剪刀,P1,dig,gametest,bot 挖掘树叶时 ToolSelector 切换到剪刀（match_tool shears）,前置: hotbar 有剪刀+镐，目标为树叶 | 执行: Dig intent | 观察: selectedSlot 和掉落物,切换到剪刀，掉落树叶物品（非木棍/苹果概率）,工具选择只看 destroySpeed 不看 match_tool,"fixture: shears at hotbar[1], leaves target",not_executed,
TC-RESCUE-021,救援任务,救援任务机制面确认,P2,rescue,code_audit,确认 RescueMissionFactory 的实际机制面、触发条件、执行流程,前置: 读取 RescueMissionFactory.java 全文 | 执行: 搜索调用方（reflex/process）、生成逻辑、执行流程 | 观察: 机制面完整性,确认救援任务是否为完整实现、stub 或半成品；标记可测试的机制面,救援任务机制面未确认,fixture: RescueMissionFactory.java source code audit,not_executed,
TC-HYGIENE-022,无回归,新增场景后GametestInventoryCheck通过,P0,hygiene,unit,新增 gametest 场景后更新 EXPECTED 钉表，GametestInventoryCheck 双向比对通过,前置: 新增 N 个 @GameTest 场景 | 执行: 更新 GametestInventoryCheck.EXPECTED，运行 test | 观察: GametestInventoryCheck 结果,测试通过，场景数 67→67+N，无 missing/unexpected,新增 gametest 场景未更新钉表导致 GametestInventoryCheck fail,fixture: new gametest scenarios + updated EXPECTED,not_executed,钉表漂移是 routesThroughFenceGap 事故模式，必须阻断
